frame_no,class_id,class_name,id,x,y,w,h
0,2,car,1,76.08992,33.044567,10.539856,13.768898
1,2,car,0,76.03006,32.73212,10.477203,13.770775
1,5,bus,0,159.19592,115.795265,19.714294,38.969345
1,2,car,0,66.94554,108.89974,25.02037,30.48378
1,2,car,0,149.20853,77.202385,15.279663,25.607056
1,2,car,0,106.375854,59.24894,13.637604,19.770874
1,2,car,0,102.687004,4.746767,6.06485,7.168619
1,2,car,0,93.292816,31.6127,10.991577,12.645138
1,2,car,0,106.42014,63.18198,13.224869,12.93795
2,2,car,0,76.28027,33.031956,10.603638,13.623177
2,5,bus,0,159.42703,116.083,19.642273,39.197403
2,2,car,0,149.44164,77.625984,15.383453,25.304092
2,2,car,0,65.58754,112.033936,24.971924,31.22525
2,2,car,0,93.56841,32.495045,11.257034,12.570404
2,2,car,0,106.154015,63.303425,13.071381,14.473228
2,2,car,0,102.69711,5.2567186,5.8913116,7.4209385
2,6,train,0,159.20947,115.80127,20.032166,38.68622
2,6,train,0,149.43411,77.7751,14.9071045,25.43872
3,2,car,1,63.81402,115.10385,25.758682,31.643219
4,2,car,1,62.853558,117.82497,27.034569,32.83377
5,2,car,0,76.0824,33.050865,10.599121,13.947176
5,2,car,0,92.94188,34.86332,11.728455,14.089272
5,2,car,0,105.52283,64.56389,14.0298,20.537838
5,5,bus,0,159.56004,117.83386,20.101105,39.200653
5,2,car,0,60.738876,120.90463,27.56012,33.772156
5,2,car,0,102.95859,5.731516,5.940399,7.0225067
5,6,train,0,149.54053,79.07867,15.177429,26.379242
5,6,train,0,126.757965,149.94336,24.82901,176.90143
6,2,car,0,76.10448,33.05456,10.573456,13.927727
6,5,bus,0,159.62302,117.95337,20.2583,39.09558
6,2,car,0,59.474396,123.82763,28.087494,35.01506
6,2,car,0,93.28012,35.70543,11.319916,14.278196
6,2,car,0,105.21217,68.467514,13.532196,15.203426
6,6,train,0,149.68527,79.5119,15.357422,26.84079
6,2,car,0,103.03855,6.1033316,6.0785675,6.709755
6,2,car,0,94.81932,14.043704,8.131836,8.227793
6,6,train,0,126.181885,150.1419,26.878265,177.26224
7,5,bus,1,159.6594,118.43281,19.953003,39.594925
7,2,car,2,76.13198,33.056644,10.500549,13.898651
8,5,bus,1,159.53494,119.18628,19.809448,39.361115
9,5,bus,1,159.53952,119.6617,20.031097,39.388153
9,2,car,2,54.048622,133.28772,31.66307,39.28891
9,2,car,3,76.15842,33.022324,10.490967,13.821381
10,2,car,1,76.13913,33.000893,10.651215,13.737946
11,2,car,1,76.31337,33.27793,10.755478,13.455566
11,2,car,2,92.27748,39.759525,12.239105,15.392975
12,2,car,1,76.258736,33.312515,10.690704,13.419495
13,2,car,1,76.24983,33.321148,10.628387,13.364021
14,2,car,1,76.27821,33.305534,10.685165,13.385132
15,2,car,1,76.34708,33.296097,10.762817,13.338585
16,2,car,1,38.37912,163.11552,40.31154,49.787903
17,2,car,0,35.31809,168.00809,40.889793,51.804993
17,2,car,0,101.86389,82.74695,16.971252,26.749603
17,5,bus,0,160.2074,124.08902,20.599915,41.61328
17,2,car,0,76.31024,33.60431,10.18634,13.633272
17,2,car,0,103.87039,9.246515,6.493225,7.4218335
17,2,car,0,95.0362,18.930103,9.553177,9.80626
17,6,train,0,150.8396,83.04502,16.320984,29.656174
17,2,car,0,91.734604,46.120056,11.845734,15.933128
17,2,car,0,150.40561,83.09079,16.055084,28.98703
17,5,bus,0,35.235672,168.06824,40.65825,51.72174
18,2,car,1,32.496586,172.98967,43.26676,53.89981
19,2,car,1,29.664488,178.55237,44.834324,56.46219
20,2,car,1,25.123934,184.92818,46.476925,59.17102
21,2,car,1,23.100513,190.81157,46.201027,62.45819
22,2,car,1,21.633286,197.69467,43.26657,65.802795
22,2,car,2,103.94357,10.044112,7.3232117,8.502087
23,2,car,1,20.051208,203.73672,40.089386,67.09256
24,2,car,0,76.347374,33.59197,10.899109,13.929062
24,5,bus,0,160.64177,127.69993,21.517609,43.654922
24,2,car,0,89.16799,53.98044,14.92244,18.085648
24,6,train,0,151.29773,85.35867,16.954865,32.138
24,2,car,0,104.12886,10.502226,7.0908203,8.984444
24,6,train,0,71.68987,123.21935,143.37975,233.5613
24,2,car,0,97.89988,97.52048,19.430557,32.01239
24,6,train,0,204.84781,119.88356,199.60358,237.0238
25,6,train,0,151.3795,85.63222,16.919556,32.622833
25,2,car,0,76.33413,33.746128,10.978775,13.857277
25,2,car,0,104.09219,11.333676,7.077301,7.983082
25,5,bus,0,160.77837,128.51581,21.48352,43.4226
25,5,bus,0,97.13939,99.333786,19.0372,33.782623
25,2,car,0,89.09456,55.51706,14.279663,18.522766
25,2,car,0,16.804016,211.06615,33.534286,57.867706
25,6,train,0,122.84193,142.62491,37.702774,193.4206
25,2,car,0,94.95499,23.223972,10.421371,10.081642
26,5,bus,0,160.74208,128.88101,21.704407,43.682243
26,2,car,0,76.26756,33.434742,10.968323,13.474152
26,6,train,0,151.41168,86.24908,16.950195,31.90944
26,6,train,0,73.92081,121.90963,147.60596,235.98589
26,5,bus,0,96.53404,102.118576,20.588257,34.091125
26,2,car,0,96.5844,101.95931,20.3479,33.8732
26,6,train,0,134.63107,119.75774,49.273743,236.00336
26,2,car,0,104.1581,11.45859,7.0179443,8.439831
27,2,car,0,87.979324,58.891754,14.275787,17.788757
27,2,car,0,76.38212,33.76178,11.075562,13.927231
27,6,train,0,151.74547,86.63054,16.496643,32.02092
27,5,bus,0,160.907,129.3315,22.10559,43.631683
27,6,train,0,76.60887,122.49544,151.93289,234.86392
27,2,car,0,104.22041,11.642927,6.954376,8.85466
27,5,bus,0,95.55659,104.70241,21.305847,34.869537
27,2,car,0,95.48058,104.62695,21.103867,34.52722
28,2,car,1,87.95416,59.997803,14.839508,18.577713
29,2,car,1,87.292465,61.804497,15.161041,18.574387
30,2,car,0,76.25357,33.778435,11.297913,14.226076
30,6,train,0,151.64404,88.0179,16.897888,31.783966
30,5,bus,0,161.01591,130.85815,21.529938,44.47924
30,2,car,0,87.02682,62.700455,15.220703,19.68544
30,2,car,0,104.423965,12.869947,6.984833,8.509724
30,6,train,0,126.65816,120.90184,30.546112,235.34286
30,2,car,0,93.2146,112.75906,22.486267,38.611572
30,6,train,0,161.25589,130.8673,22.240326,43.691193
30,7,truck,0,93.04349,112.91786,22.274612,38.53842
30,5,bus,0,93.14903,112.83566,22.554047,38.552612
31,2,car,0,76.13612,33.85373,11.531128,14.279213
31,6,train,0,151.46362,88.23007,17.323273,32.45392
31,2,car,0,85.7296,64.250496,15.828461,19.947708
31,2,car,0,104.34154,13.130386,7.6954193,9.424953
31,5,bus,0,161.08769,131.55893,21.609985,44.150146
31,2,car,0,92.490814,115.732315,24.11914,39.410248
31,6,train,0,127.28624,120.63229,32.10675,235.9833
31,6,train,0,77.69823,122.095436,154.43637,235.63737
31,6,train,0,161.36234,131.62828,22.375916,43.43988
32,2,car,1,76.16651,33.8618,11.460876,14.366165
33,2,car,1,104.43885,13.868425,7.375168,8.7943535
34,2,car,1,104.59677,14.060795,7.426697,9.321236
35,2,car,1,104.75169,14.217938,7.3115845,8.95809
35,2,car,2,83.57156,70.29946,15.693665,22.228806
36,2,car,0,104.816574,14.452341,7.4771423,9.062534
36,2,car,0,76.23344,34.179398,11.341141,14.142143
36,5,bus,0,161.4595,134.61574,22.342285,45.827545
36,2,car,0,83.127335,71.429565,16.811523,23.222641
36,6,train,0,151.52881,90.24578,17.14032,33.036438
36,5,bus,0,86.143845,132.96536,26.326294,46.432243
36,2,car,0,95.06706,29.943895,9.992386,11.612255
36,6,train,0,119.77435,123.63885,47.115356,232.7223
36,2,car,0,292.8811,117.4814,18.619629,17.81543
37,2,car,1,292.08032,119.39646,22.630005,18.865952
38,2,car,1,290.8542,120.7995,23.472534,19.004944
38,2,car,2,82.83893,75.06767,19.570068,25.130325
39,2,car,1,288.93518,122.28459,23.39087,19.337463
39,5,bus,2,161.9661,135.91077,23.041504,46.030853
40,5,bus,0,162.16724,136.59264,23.008972,46.849915
40,2,car,0,287.34436,119.045715,24.157349,29.786682
40,2,car,0,76.27821,34.255165,11.677185,14.350615
40,6,train,0,151.31165,91.92422,17.810364,32.6976
40,2,car,0,105.32195,15.776447,7.3911285,10.013069
40,2,car,0,79.38493,81.47989,18.446198,21.876083
40,5,bus,0,80.69127,149.16502,32.149246,52.992676
40,6,train,0,131.02982,120.14158,42.50158,236.26338
40,2,car,0,95.21811,32.795998,9.997437,11.887436
40,7,truck,0,80.1371,149.13379,31.226837,54.084236
40,6,train,0,118.723206,123.11904,46.522034,232.63298
40,25,umbrella,0,310.93826,27.153954,17.814453,11.07872
41,5,bus,1,161.98509,137.26945,23.298431,46.680603
42,2,car,1,285.97583,122.90413,29.490479,29.580505
43,2,car,0,76.31697,34.36168,11.824127,14.556215
43,2,car,0,285.38892,124.631645,31.213867,29.625504
43,5,bus,0,162.18948,138.56448,23.09137,47.375427
43,2,car,0,75.48206,164.0739,36.300323,60.615234
43,6,train,0,151.48032,92.853294,17.47644,33.61612
43,2,car,0,76.6524,89.4911,17.250885,20.875412
43,6,train,0,131.21986,121.186615,41.65738,234.6666
43,5,bus,0,75.467545,164.20348,36.157284,60.459747
43,2,car,0,105.524185,17.614664,7.6217346,8.673622
43,6,train,0,119.79851,125.21691,46.879272,228.05287
44,2,car,0,284.38544,126.17429,33.184692,32.148697
44,2,car,0,76.3188,34.383003,12.076996,14.422874
44,2,car,0,73.49321,169.38739,38.60164,62.87506
44,2,car,0,105.53337,18.192122,7.1248016,8.573559
44,5,bus,0,162.2264,139.20425,23.22525,47.41461
44,6,train,0,133.43074,120.855675,45.61667,235.77373
44,5,bus,0,73.25214,169.27008,38.321045,62.509583
44,2,car,0,76.65631,88.35588,21.406189,28.755035
44,6,train,0,151.4508,93.57559,18.274597,33.15735
44,5,bus,0,76.59013,88.18054,21.520233,29.07898
45,2,car,0,76.16187,34.564598,12.11911,14.311775
45,2,car,0,105.68668,18.443594,7.2700195,9.183559
45,2,car,0,71.508095,174.77242,39.6313,65.18649
45,2,car,0,282.83023,126.48992,32.81726,35.527267
45,5,bus,0,162.2113,139.79015,23.888428,48.169556
45,2,car,0,94.934265,36.962727,10.473755,13.540062
45,6,train,0,135.18144,120.29587,49.113678,236.67389
45,6,train,0,151.50287,93.803635,18.29486,33.932343
45,5,bus,0,71.74816,174.4568,39.491653,65.20834
45,2,car,0,73.66417,97.87802,17.871002,15.2005005
45,25,umbrella,0,310.96204,27.562168,17.773438,11.489632
46,2,car,1,69.2306,180.89337,40.632156,70.40076
47,2,car,1,66.95822,185.56622,43.213684,74.2511
48,2,car,0,76.339325,34.400307,12.011261,14.574648
48,2,car,0,278.8069,130.27924,35.254272,40.764473
48,2,car,0,63.73923,193.66432,44.900322,76.756256
48,2,car,0,106.12991,19.195467,8.042511,10.246685
48,2,car,0,70.191154,106.44495,19.467682,17.077606
48,6,train,0,151.38634,94.37424,18.536652,34.09915
48,6,train,0,135.24454,119.66922,49.579338,235.98499
48,2,car,0,72.12507,98.3853,22.859558,32.261597
48,5,bus,0,162.59792,141.66824,24.19284,48.03057
48,2,car,0,94.66797,39.139458,10.8958435,14.100754
48,5,bus,0,94.10484,24.138842,14.751373,44.07015
49,2,car,0,76.35492,34.474503,12.174194,14.593016
49,2,car,0,61.10769,200.30241,46.428482,77.69278
49,2,car,0,106.152374,19.67713,8.063568,10.200043
49,2,car,0,68.52327,108.67206,19.630127,17.508972
49,6,train,0,76.59564,120.22719,153.19128,238.78189
49,2,car,0,276.96265,132.47038,35.732666,40.68698
49,6,train,0,135.29604,119.3732,49.920807,236.04477
49,6,train,0,151.50107,94.54619,18.393982,34.21704
49,5,bus,0,162.80078,141.94861,23.606415,48.308044
49,2,car,0,70.10281,100.93594,23.290253,32.79303
49,2,car,0,94.817245,40.441177,11.368439,13.595245
50,2,car,1,269.8645,143.5662,24.266907,23.491821
51,2,car,0,67.68378,107.63759,26.337341,36.02887
51,2,car,0,76.32632,34.517864,11.528931,14.452217
51,2,car,0,56.445328,206.16142,47.708984,67.48343
51,6,train,0,77.63378,120.81338,155.26756,237.06422
51,2,car,0,268.22314,146.00467,26.380127,24.703308
51,6,train,0,151.8092,95.185936,17.949707,34.261826
51,2,car,0,106.2245,20.807474,8.466248,9.84251
51,2,car,0,273.4096,136.94597,36.198853,42.784058
51,6,train,0,134.36461,119.004364,51.76651,237.69012
51,5,bus,0,163.03893,143.48587,24.228516,49.230705
51,2,car,0,65.22856,116.20587,20.83588,18.578217
52,2,car,1,271.541,138.79343,36.155823,43.690002
53,2,car,1,269.8628,140.96683,36.585327,45.04596
54,2,car,0,268.41504,143.2933,37.21637,45.363007
54,6,train,0,74.97006,121.13358,148.44452,236.52904
54,2,car,0,76.393845,34.610374,11.384186,14.383179
54,5,bus,0,163.11243,145.59198,24.577942,49.48871
54,2,car,0,59.42373,128.0128,22.781525,20.579163
54,6,train,0,152.0907,96.20738,17.694214,34.311935
54,2,car,0,62.916695,117.91788,29.642548,40.664886
54,2,car,0,93.71357,45.90989,12.632217,14.04306
54,7,truck,0,62.85824,117.84761,29.078568,40.47885
54,6,train,0,134.38643,118.92464,48.401672,237.35666
54,2,car,0,51.06351,215.7262,44.247826,48.15045
55,2,car,1,266.71213,145.64937,36.876465,45.654724
56,2,car,1,264.9464,148.0914,37.773193,46.725647
57,2,car,1,263.29675,150.54259,37.566223,48.369507
58,2,car,1,261.1792,153.43011,37.354614,49.982788
59,2,car,1,260.0288,156.19324,38.18689,50.36621
60,2,car,1,257.9174,158.8864,39.09784,51.82901
61,2,car,1,256.2569,161.66296,39.10321,52.785065
61,2,car,2,46.463604,149.20914,39.133095,53.552338
62,2,car,1,254.60913,164.62106,40.006042,54.77649
62,2,car,2,43.08594,155.18219,41.35167,56.26178
63,2,car,1,253.10764,167.99908,39.930847,56.180115
63,2,car,2,39.6631,160.76045,43.392014,58.634613
64,2,car,1,251.22946,170.86423,40.526,57.731934
64,2,car,2,36.076046,166.89009,45.707603,60.421844
65,2,car,1,32.215202,172.89963,47.64023,63.22174
65,2,car,2,249.58777,173.97934,40.477905,59.446136
66,2,car,1,247.81296,178.08548,41.059875,60.975708
67,2,car,1,246.12198,181.47469,41.23163,63.486603
68,2,car,1,244.35791,184.77026,41.874268,65.854065
68,6,train,2,72.10806,122.50621,144.21613,233.52698
69,2,car,1,242.4281,189.70016,42.100952,65.09241
70,2,car,1,240.36563,194.06789,43.31781,67.13312
70,2,car,2,107.59331,30.219471,8.729965,11.032158
71,2,car,1,238.7691,197.81854,43.209106,69.73346
72,2,car,1,237.36221,202.09888,43.785217,71.29846
73,2,car,0,235.7471,204.53339,44.020752,69.94501
73,2,car,0,107.62564,31.89059,8.905548,12.300598
73,2,car,0,76.53763,35.586075,12.108337,14.266985
73,2,car,0,88.206726,70.34525,15.427338,19.791122
73,6,train,0,72.306656,123.99722,144.2109,231.89984
73,5,bus,0,164.34976,162.1262,24.78186,56.117126
73,2,car,0,153.35603,104.653656,17.298584,32.169098
74,2,car,0,107.59372,32.445076,9.159149,12.120422
74,2,car,0,76.50372,35.606956,12.211914,14.2598095
74,2,car,0,233.44676,206.4263,44.77188,67.1474
74,2,car,0,87.69464,72.0899,16.06482,19.856888
74,6,train,0,72.794205,125.84459,143.9542,228.05606
74,5,bus,0,164.84294,162.71797,24.808777,56.674408
74,2,car,0,153.43787,105.35364,17.276428,30.95784
75,2,car,0,107.76901,33.30552,8.924133,11.587751
75,2,car,0,76.53818,35.586422,12.2387085,14.312096
75,2,car,0,86.74666,73.80167,16.896606,20.71878
75,2,car,0,153.45804,109.19954,17.567413,25.588379
75,6,train,0,75.75855,123.8253,149.73317,232.18936
75,5,bus,0,164.9494,164.31013,25.877197,56.907806
75,2,car,0,231.57991,208.34001,45.299774,63.21756
75,5,bus,0,231.85684,208.35568,44.82303,63.288635
76,2,car,1,107.667984,33.833233,9.214081,12.547981
77,2,car,0,85.81102,78.35344,16.638962,20.427002
77,6,train,0,73.551704,123.50494,146.05086,232.89888
77,2,car,0,107.77859,34.56118,9.214127,12.638975
77,2,car,0,76.56245,35.9692,12.011719,13.869566
77,2,car,0,165.00162,167.12921,25.724731,58.15564
77,2,car,0,229.58804,212.23846,43.981598,55.29193
77,6,train,0,198.00613,121.301575,206.52704,236.1709
77,67,cell phone,0,229.43005,212.17468,44.10553,55.46924
77,6,train,0,134.82433,119.942474,54.44046,237.82657
77,6,train,0,153.43597,105.6223,16.592712,34.20932
78,2,car,1,85.04234,79.672424,18.098755,21.899231
79,6,train,0,77.046165,122.02555,152.942,235.81181
79,2,car,0,84.66754,81.71448,19.00534,23.620026
79,2,car,0,76.47166,36.088013,12.199371,14.107147
79,6,train,0,202.78737,121.02293,202.89035,237.08577
79,2,car,0,107.88053,35.807514,9.277298,12.699127
79,5,bus,0,84.54794,81.73068,18.895355,23.677826
79,67,cell phone,0,227.9758,216.67679,40.27417,46.313538
79,6,train,0,133.96774,120.10541,57.965813,237.80453
80,2,car,0,83.81712,83.2581,19.305023,23.635498
80,6,train,0,76.85483,122.07224,152.85297,235.648
80,2,car,0,107.83525,36.370296,9.238892,13.0447235
80,2,car,0,76.4763,36.088104,12.167114,14.102188
80,6,train,0,200.11046,121.21646,205.52243,236.18573
80,2,car,0,165.64153,171.49213,25.356506,61.289917
80,2,car,0,153.58865,109.67778,17.461853,28.258148
81,2,car,1,82.819595,86.02864,18.864075,23.988281
82,6,train,0,69.647415,123.79506,139.14304,232.16095
82,2,car,0,108.0562,37.96697,9.723419,13.359444
82,2,car,0,76.50447,36.27204,12.304443,14.06447
82,2,car,0,82.37013,88.43375,19.347351,24.61618
82,6,train,0,134.99406,120.658554,54.109406,237.35114
82,5,bus,0,165.94846,173.31519,26.168152,62.69171
82,6,train,0,201.3413,121.22801,202.79593,235.66928
82,67,cell phone,0,226.22165,224.2862,36.879333,31.20816
83,2,car,0,107.975044,38.629997,9.430908,13.450346
83,6,train,0,78.432846,122.17957,155.64102,235.41673
83,2,car,0,76.5056,36.229317,11.82074,14.019165
83,5,bus,0,81.04344,90.28614,20.498291,26.35971
83,6,train,0,201.84705,121.190384,201.05127,235.74182
83,2,car,0,80.59589,90.605896,20.375305,26.24408
83,6,train,0,136.39386,121.02903,57.07734,237.83366
84,2,car,0,108.13562,39.2184,9.669922,13.302261
84,6,train,0,70.855896,123.013535,141.58093,233.44073
84,2,car,0,76.49255,36.208622,11.891052,13.930328
84,5,bus,0,80.244934,92.80415,21.676117,26.783875
84,6,train,0,204.98277,120.99288,197.3649,237.45872
84,6,train,0,136.0963,120.5704,57.320435,238.8592
84,2,car,0,103.93051,15.049712,8.691345,9.96641
85,2,car,0,76.476944,36.41613,11.57251,13.9828415
85,5,bus,0,79.208954,95.41945,21.315765,27.717438
85,5,bus,0,166.52432,176.02727,26.783875,69.40201
85,6,train,0,135.60794,120.77592,56.620117,238.44817
85,2,car,0,108.18581,39.740803,10.05423,13.570045
85,6,train,0,70.68642,124.829575,140.22995,229.69424
85,6,train,0,202.02081,121.15784,198.61243,235.1969
85,2,car,0,104.04985,15.331543,8.064865,9.860447
85,2,car,0,78.81101,95.466675,21.36911,27.455597
86,2,car,0,76.47795,36.422493,11.577408,13.977051
86,6,train,0,137.67862,120.625145,60.169853,238.74971
86,6,train,0,72.48326,125.40885,143.60086,228.39543
86,2,car,0,76.209236,98.53381,20.032791,26.82306
86,5,bus,0,77.0372,97.58916,21.365845,28.187592
86,2,car,0,108.09704,40.50019,9.81192,13.635284
86,6,train,0,202.45361,121.16632,198.66046,234.75552
86,5,bus,0,166.24106,176.88168,26.459534,70.88159
87,2,car,0,76.45676,36.428127,11.6171875,13.963066
87,2,car,0,108.27129,41.406857,10.070129,13.276649
87,6,train,0,135.47314,120.84096,56.480957,238.03683
87,2,car,0,104.10485,16.591812,7.938431,9.686927
87,5,bus,0,76.2982,100.593796,21.416687,28.981567
87,5,bus,0,153.93925,109.399414,17.790283,35.179123
87,2,car,0,153.85895,109.33449,17.634521,35.55719
87,5,bus,0,166.55075,179.58328,27.632996,69.60901
87,6,train,0,200.41821,120.988434,204.1466,235.00269
87,7,truck,0,75.28169,100.99873,20.112488,28.458588
88,2,car,0,76.49544,36.356956,11.522308,14.06794
88,2,car,0,108.01262,41.956795,10.470581,14.136253
88,5,bus,0,74.09435,103.79115,22.281097,29.940063
88,6,train,0,136.02405,120.676704,59.835823,237.8733
88,6,train,0,198.7946,120.68617,208.14822,234.5911
88,2,car,0,153.84193,113.06432,18.233124,29.503922
88,5,bus,0,166.41959,179.98595,26.854492,72.871185
89,2,car,0,76.504295,36.39731,11.492569,14.073107
89,5,bus,0,73.63509,106.74611,24.741898,32.033936
89,6,train,0,135.93759,120.776535,58.746338,237.83469
89,6,train,0,67.11404,132.19238,133.90077,215.17114
89,6,train,0,201.00056,120.772736,202.9913,235.40222
89,2,car,0,108.24437,42.55047,10.458817,14.268768
90,2,car,0,76.5108,36.29882,11.507919,14.448896
90,6,train,0,199.50337,121.22526,203.9896,235.90141
90,6,train,0,66.41266,135.73723,131.82703,208.40408
90,5,bus,0,72.20882,110.05469,25.124557,33.21347
90,6,train,0,135.74493,120.068375,57.789825,237.37534
91,2,car,1,70.61874,113.762,26.520004,33.498276
92,2,car,0,69.05176,116.62915,27.666782,35.874146
92,2,car,0,76.564255,36.462463,11.398468,14.218977
92,6,train,0,202.66713,120.92983,197.83951,235.10115
92,6,train,0,67.36487,143.42368,134.72974,192.37589
92,2,car,0,107.7726,45.010582,11.55188,14.786163
92,2,car,0,154.28491,115.11283,17.797852,30.432938
92,6,train,0,135.63062,120.076096,57.563835,237.67868
92,5,bus,0,154.27838,112.10928,17.543152,36.870453
93,2,car,0,107.59616,45.70652,11.624176,15.631592
93,2,car,0,154.22375,116.17166,17.622375,29.999878
93,2,car,0,76.55174,36.55643,11.470978,14.445854
93,6,train,0,200.67857,120.8706,201.70639,235.61116
93,6,train,0,135.84532,120.27634,59.37805,237.7933
93,5,bus,0,167.48492,190.71066,28.231018,74.60626
93,5,bus,0,154.1676,113.25861,17.28949,36.619125
93,2,car,0,66.476265,120.885475,27.214996,36.976273
94,2,car,0,154.36188,116.16969,18.017334,30.991486
94,2,car,0,76.56621,36.552773,11.475311,14.441011
94,6,train,0,197.52187,121.144165,208.20834,235.78613
94,2,car,0,65.64923,124.20828,28.894073,37.94226
94,5,bus,0,65.73717,124.11696,29.326187,38.160797
94,5,bus,0,154.39844,113.48536,17.697449,37.077774
95,2,car,0,76.573975,36.539696,11.487366,14.412491
95,5,bus,0,154.55022,113.88912,17.841187,37.112595
95,6,train,0,202.97238,121.389694,196.04346,235.92789
95,5,bus,0,63.832363,128.53362,29.973946,39.53476
95,2,car,0,154.50339,116.34753,18.165405,31.75319
95,6,train,0,135.41882,120.420044,54.88788,238.18475
95,2,car,0,108.02919,47.296577,11.1604,15.887344
96,2,car,0,61.781723,132.29709,32.466156,40.96882
96,6,train,0,202.18408,121.37112,198.75244,235.9676
96,2,car,0,76.59955,36.500984,11.428253,14.398375
96,5,bus,0,154.46167,114.52391,17.9281,37.42447
96,6,train,0,135.51627,120.25914,56.584602,237.91116
96,2,car,0,108.06243,48.271698,11.296097,15.85717
96,2,car,0,154.37964,116.572075,18.208313,32.149765
97,2,car,0,60.06147,137.12953,33.499557,42.940582
97,6,train,0,195.51044,121.73151,212.82153,235.9076
97,2,car,0,76.58926,36.564934,11.463394,14.455675
97,5,bus,0,154.80896,114.99266,18.148743,37.754974
97,6,train,0,135.9385,120.60654,56.188545,238.09998
97,2,car,0,108.108894,49.104073,11.20108,16.432266
98,2,car,1,57.31842,141.53226,34.788788,44.763794
99,2,car,1,54.52644,146.51971,37.256294,47.567932
100,2,car,0,51.597645,151.0997,38.612556,49.296867
100,6,train,0,66.82297,146.60498,132.67563,185.68124
100,2,car,0,76.655945,36.6176,11.3780365,14.554518
100,6,train,0,209.91194,120.97377,203.43619,236.75128
100,2,car,0,154.73822,121.031105,18.190186,29.727097
100,6,train,0,99.058426,120.589676,139.00238,238.4104
101,2,car,1,49.028748,157.3635,40.038788,51.336487
102,2,car,1,45.957092,163.12524,41.77133,54.543762
103,2,car,0,42.68248,169.03375,43.771973,56.467773
103,6,train,0,93.80358,120.09125,150.90541,238.84576
103,6,train,0,209.13094,120.64967,203.2178,237.13571
103,2,car,0,76.64761,36.667736,11.40683,14.578697
103,6,train,0,75.9524,146.1531,113.31819,185.78046
103,6,train,0,154.8406,118.52083,18.143982,39.002686
103,6,train,0,138.16252,120.06831,59.026154,237.25269
103,2,car,0,107.61428,54.82635,11.0980835,16.722786
103,5,bus,0,155.08548,118.38014,18.490173,39.43402
104,2,car,0,39.042557,175.09747,45.63542,59.442383
104,6,train,0,89.53311,120.24017,159.32504,238.9006
104,6,train,0,209.11517,120.78378,202.63446,237.43527
104,2,car,0,76.65935,36.659447,11.3992,14.578232
104,5,bus,0,155.08472,119.26131,18.336548,40.009064
105,2,car,1,35.365284,182.5646,47.421837,62.73242
106,2,car,1,30.827202,189.19513,49.53164,66.39783
107,2,car,1,27.055794,197.41974,52.511734,70.25824
108,6,train,0,85.66527,121.0214,169.12317,237.17729
108,6,train,0,208.01665,120.58728,203.40482,237.00293
108,2,car,0,25.120182,203.96347,50.013893,71.112
108,2,car,0,107.72654,60.265656,11.831314,17.717224
108,2,car,0,76.75319,36.8207,10.8967285,14.593412
108,5,bus,0,155.41183,122.13587,18.840454,40.13997
108,2,car,0,155.39632,122.01442,18.859863,40.13095
109,6,train,0,88.677795,121.15664,174.95844,236.90498
109,6,train,0,203.83188,120.67112,198.12262,236.54863
109,2,car,0,107.56116,61.286545,11.494598,18.048737
109,2,car,0,76.511505,36.76482,11.85495,14.302353
109,5,bus,0,155.56998,122.868355,19.030792,40.299393
109,2,car,0,23.22365,207.6135,46.27376,64.70419
110,2,car,1,107.475914,62.465416,11.936371,18.76915
111,2,car,1,107.60982,63.771645,12.482727,18.234344
112,2,car,1,107.23564,65.25524,12.448151,18.87645
113,2,car,1,107.0506,66.66141,12.989914,19.222794
114,2,car,0,106.87161,67.73891,12.833801,19.850037
114,2,car,0,76.288216,37.286034,12.583511,13.828569
114,6,train,0,91.9493,121.5054,176.56502,236.39691
114,5,bus,0,155.82733,128.17627,20.184387,41.530945
114,2,car,0,155.7959,133.32568,20.11908,29.979118
114,6,train,0,206.32375,122.35005,208.48831,234.48434
115,2,car,0,76.39334,37.25445,12.4002075,13.708183
115,2,car,0,106.52545,69.02261,12.923065,19.787827
115,2,car,0,155.96143,129.00624,20.551178,42.749878
115,6,train,0,203.60779,122.2091,213.05518,235.5818
115,6,train,0,142.30066,123.01358,73.402405,231.9483
115,6,train,0,93.78723,121.719536,180.39825,235.84639
116,2,car,0,106.36378,70.51617,13.243607,20.331528
116,2,car,0,76.46985,37.294395,12.364563,13.87291
116,6,train,0,190.58331,123.169586,223.95319,233.2985
116,6,train,0,142.4448,124.313866,73.43684,230.04222
116,2,car,0,156.16156,129.79419,20.441101,42.973885
116,2,car,0,115.92401,11.682438,7.009674,6.978798
117,2,car,0,76.445595,37.4301,12.422302,13.826599
117,2,car,0,105.95202,71.94998,13.254471,20.388977
117,2,car,0,156.23843,130.98633,20.839966,43.056183
117,2,car,0,116.13553,11.798807,6.9522095,6.9197807
117,6,train,0,206.04297,123.16906,204.1018,233.66188
117,2,car,0,93.14134,10.869972,9.1098175,8.02002
117,6,train,0,142.02939,124.65379,70.76944,228.71136
117,2,car,0,104.63028,20.570171,8.689606,11.02221
117,2,car,0,104.86301,13.943417,6.910095,4.7292557
118,2,car,0,76.45892,37.413963,12.721222,13.878828
118,2,car,0,156.33179,131.93253,20.684662,43.50988
118,6,train,0,206.83786,123.023895,204.28632,233.95221
118,2,car,0,105.79089,73.184746,13.878098,20.544357
118,6,train,0,143.43452,124.69353,71.96875,228.73138
118,2,car,0,93.201775,10.93045,9.058212,8.511751
118,2,car,0,104.79181,20.744377,8.444855,10.964959
119,2,car,1,105.36781,74.4734,14.400391,21.763885
120,2,car,0,76.39509,37.463665,12.625488,13.904411
120,2,car,0,156.66452,134.24469,21.350342,45.251556
120,6,train,0,208.247,122.31331,203.50754,235.37338
120,2,car,0,105.28082,75.992035,14.075012,22.117035
120,2,car,0,116.66612,12.862934,6.3174744,6.1267395
120,6,train,0,92.25754,122.40558,178.07413,234.6366
120,6,train,0,142.42471,124.10665,71.6704,229.60213
121,2,car,1,104.66902,77.81909,14.478653,22.382889
122,2,car,0,156.8587,135.9154,22.101807,46.0644
122,6,train,0,208.37943,122.466446,202.1803,234.81433
122,2,car,0,75.9234,37.51258,13.6380005,14.116518
122,2,car,0,104.81804,79.4249,14.558853,22.167297
122,6,train,0,99.62915,123.25768,193.47363,233.34651
122,2,car,0,116.92255,13.819357,6.8029785,6.613056
122,2,car,0,104.817764,22.874535,8.514603,10.356491
122,6,train,0,142.82579,124.363556,72.83652,229.34344
122,2,car,0,106.989,33.789635,9.354462,10.972313
122,0,person,0,295.41486,180.06389,48.61316,118.64505
123,2,car,0,76.778946,37.43268,11.185455,14.475121
123,2,car,0,156.95822,137.18208,21.811768,46.114655
123,2,car,0,104.34213,80.7885,15.028809,22.75595
123,2,car,0,116.9742,13.790238,6.664978,6.645132
123,6,train,0,142.22383,124.35327,72.62671,228.67618
123,6,train,0,201.82901,122.937485,204.58649,233.27942
123,6,train,0,93.9332,122.9122,183.43988,233.4643
123,2,car,0,106.87199,34.534843,9.5984955,11.257652
123,0,person,0,295.39526,180.1149,48.652588,118.60019
124,2,car,0,156.91263,138.59834,21.711609,46.965088
124,2,car,0,76.82699,37.45437,11.209473,14.544573
124,6,train,0,121.93243,122.84294,241.80132,233.62888
124,6,train,0,208.12036,122.14993,202.20197,235.34418
124,6,train,0,143.24957,124.055244,73.54208,230.23296
124,2,car,0,104.181496,82.82976,15.282394,23.037994
124,6,train,0,67.15756,127.07123,132.38486,225.64322
124,0,person,0,295.3928,180.39378,48.64148,117.99301
125,2,car,0,156.93645,139.87616,21.774628,47.34256
125,2,car,0,75.886314,37.82126,13.58815,14.005156
125,2,car,0,107.32532,35.544415,9.801971,11.665054
125,2,car,0,117.43888,15.000002,6.9051666,6.1948204
125,6,train,0,208.2943,122.26226,202.42752,234.56429
125,6,train,0,123.7341,123.537476,244.50723,232.361
125,6,train,0,142.0656,124.32834,71.13873,229.62521
125,6,train,0,66.26959,138.22911,130.21228,203.12561
125,0,person,0,295.388,180.1189,48.644653,118.53149
125,2,car,0,103.648926,84.2351,15.504578,24.088242
126,2,car,0,157.02112,141.21346,22.018677,47.478485
126,2,car,0,75.9719,37.82555,13.450912,14.085747
126,2,car,0,117.44116,15.014719,6.891388,6.1530037
126,2,car,0,107.21912,35.93637,9.885681,11.868425
126,6,train,0,208.88646,122.04224,200.51077,235.28198
126,6,train,0,144.67479,123.94466,76.18985,230.43405
126,6,train,0,94.23255,123.09392,184.34386,233.65796
126,6,train,0,68.0475,143.94363,126.63849,191.6847
126,2,car,0,102.892235,85.81166,16.05571,24.595428
126,2,car,0,104.77887,14.821124,8.83194,8.798292
126,0,person,0,295.3828,180.09201,48.644653,118.591194
127,2,car,1,157.1615,142.42488,22.30371,48.906708
128,2,car,0,76.03694,37.803947,13.145325,14.043266
128,2,car,0,102.03997,90.149445,16.590775,25.802826
128,2,car,0,157.07358,143.34523,22.563995,49.181335
128,6,train,0,207.85475,122.072556,201.64676,235.32516
128,2,car,0,117.7851,15.470725,7.1923676,7.074129
128,6,train,0,122.579636,123.00047,243.18271,233.58017
128,2,car,0,107.60608,37.59734,9.616852,11.30954
128,2,car,0,105.1238,15.950417,8.314682,8.484211
128,6,train,0,67.07909,148.62625,128.7826,182.38565
128,6,train,0,140.28171,122.77443,67.22235,233.36996
128,2,car,0,112.981674,7.8397284,6.584427,6.880022
128,0,person,0,295.36185,180.36075,48.685913,118.04932
129,6,train,0,66.11214,150.28728,128.77362,178.18204
129,2,car,0,76.01,37.804832,13.199692,14.046297
129,2,car,0,118.02078,15.611054,7.4033966,7.293356
129,2,car,0,157.34692,145.94545,22.346924,49.293243
129,6,train,0,207.86786,122.06333,201.93378,235.1588
129,6,train,0,108.27838,124.33809,214.78326,230.8204
129,2,car,0,101.44987,91.88234,16.974747,26.38205
129,2,car,0,107.5699,38.469803,9.818024,11.390732
129,2,car,0,105.33656,16.224277,8.296936,8.189988
129,0,person,0,295.34784,180.24774,48.713623,118.246086
130,6,train,1,65.89937,151.46709,128.58255,176.11893
131,6,train,1,65.46012,151.43979,127.81084,176.0719
132,6,train,1,64.92635,151.41684,126.86073,175.99216
133,6,train,0,65.01457,148.50406,129.60196,182.70813
133,2,car,0,76.11374,37.773193,13.012299,14.004362
133,2,car,0,107.62407,40.844555,10.604401,12.524651
133,2,car,0,157.34464,152.00143,23.272705,52.536926
133,2,car,0,118.50598,17.139893,7.4819183,6.9816523
133,2,car,0,105.85217,16.941063,7.866623,8.649055
133,6,train,0,207.0482,122.58638,201.7443,234.82724
133,6,train,0,141.9152,124.91026,68.61835,229.20453
133,2,car,0,99.14011,100.65376,18.232178,29.470398
133,0,person,0,295.31198,180.23486,48.78772,118.19457
133,6,train,0,87.32187,124.255585,174.64374,231.3042
133,5,bus,0,99.22394,100.79695,18.447845,29.197678
134,6,train,0,64.79785,148.98688,129.17725,181.93445
134,2,car,0,76.1039,37.771816,13.043274,14.026894
134,2,car,0,107.636475,41.447308,10.435303,12.488472
134,6,train,0,206.19478,122.34815,202.99252,235.3037
134,2,car,0,118.82956,17.141312,7.599121,8.217515
134,6,train,0,139.95752,123.90011,66.75137,227.85338
134,2,car,0,157.47166,153.68907,22.915527,52.595154
134,2,car,0,105.674484,17.567514,8.348694,9.059902
134,0,person,0,295.33728,180.31699,48.754333,118.022896
134,2,car,0,105.30263,28.955584,8.885468,10.382015
135,6,train,0,64.87128,149.2117,129.354,181.24481
135,2,car,0,76.047455,37.74964,13.457947,14.1993885
135,2,car,0,107.469986,42.109333,10.348297,12.635925
135,2,car,0,119.721214,17.941645,7.289734,7.1137085
135,6,train,0,139.86269,122.19582,66.62308,230.96333
135,6,train,0,206.30316,122.60943,201.5102,234.78114
135,2,car,0,98.028465,105.12277,19.088257,30.149094
135,5,bus,0,92.47878,12.5799055,11.3667755,13.543367
135,0,person,0,295.33228,180.31473,48.76361,118.02115
135,2,car,0,157.51675,155.51967,23.22528,54.29071
135,2,car,0,105.55577,29.605957,9.109894,10.003578
136,2,car,0,107.54767,42.75447,10.923157,12.793976
136,2,car,0,75.97455,37.786304,13.50531,14.2287445
136,2,car,0,119.72009,18.121323,7.301178,7.1783
136,6,train,0,65.42799,148.8655,130.28098,181.5755
136,6,train,0,143.3584,125.44257,62.30871,227.60118
136,2,car,0,96.943665,107.576904,21.330719,31.449127
136,5,bus,0,97.07257,107.73421,20.951569,31.850128
136,2,car,0,157.42865,157.23839,23.636108,54.34604
136,0,person,0,295.31937,180.2761,48.789246,118.10071
136,5,bus,0,91.992065,12.646605,12.228302,14.321808
136,2,car,0,105.412155,30.071577,9.184082,9.998386
136,6,train,0,206.47491,123.189445,195.11694,232.02827
136,2,car,0,105.9342,17.876608,8.368149,9.579899
137,2,car,0,76.018425,37.74696,13.365555,14.125809
137,2,car,0,120.01894,18.176342,7.5658875,8.143836
137,2,car,0,107.61296,43.470337,10.656006,12.877174
137,2,car,0,96.27681,110.70982,20.7491,32.677612
137,2,car,0,157.68687,158.54376,23.672638,55.364258
137,6,train,0,142.43127,124.96572,62.7782,228.35286
137,6,train,0,206.81822,122.70841,199.29446,234.58318
137,6,train,0,64.36226,149.29652,128.32117,180.3251
137,0,person,0,295.32452,180.25871,48.77881,118.139465
138,2,car,0,120.072266,18.773336,7.4516907,7.098877
138,2,car,0,76.155014,37.734665,12.942657,14.010979
138,2,car,0,107.64755,44.34633,10.691177,12.44854
138,5,bus,0,95.29715,113.282234,20.680237,33.422104
138,2,car,0,157.58905,160.60559,24.23114,56.433105
138,6,train,0,141.45842,125.52756,64.06094,226.43695
138,2,car,0,105.585526,31.297777,9.676514,10.841091
138,2,car,0,106.21748,18.902317,8.44458,9.151157
138,0,person,0,295.37677,180.34497,48.66638,117.99395
138,6,train,0,206.19458,123.63078,198.27698,232.73843
139,2,car,1,94.85681,116.088745,21.490204,34.143616
140,2,car,0,76.36372,37.793736,12.458313,14.051453
140,2,car,0,120.4603,19.400986,7.4354553,7.0000315
140,2,car,0,94.05092,118.74652,22.928833,34.336
140,2,car,0,107.44635,44.887478,10.945236,15.262672
140,2,car,0,157.53552,164.82738,24.362274,58.47003
140,2,car,0,105.588776,31.827911,9.517578,11.081947
140,6,train,0,201.00174,122.59176,211.6955,234.79326
140,6,train,0,87.46921,137.22412,173.55365,204.54059
140,6,train,0,139.0017,125.20648,69.69141,228.61786
140,0,person,0,295.3774,180.33563,48.65442,118.04565
140,2,car,0,106.29918,19.236668,8.519867,9.749374
141,2,car,1,92.72711,122.160446,23.331299,36.05066
141,2,car,2,107.48532,47.02182,10.309357,13.44072
142,2,car,1,92.056274,125.22863,24.157776,36.886337
142,2,car,2,120.84526,20.256855,7.7359924,7.1677246
142,2,car,3,107.482285,47.86273,10.556061,13.088989
143,2,car,1,157.94244,171.95956,25.203857,62.023132
143,2,car,2,120.82329,20.283476,7.837097,7.2437477
143,2,car,3,91.19333,128.66278,25.234406,37.878113
144,2,car,1,89.48758,131.88995,25.740662,39.234314
144,2,car,2,120.94641,21.263084,7.652893,6.442955
145,2,car,1,121.17233,21.786633,7.7135315,6.578186
145,2,car,2,158.07239,176.42422,26.159302,64.69464
146,2,car,0,86.86438,139.48767,26.968307,41.727386
146,2,car,0,121.263245,22.094774,7.729706,6.7161903
146,2,car,0,76.8284,37.90372,11.171204,14.38372
146,2,car,0,157.96457,178.09569,26.160645,68.124756
146,6,train,0,196.49017,121.2909,223.22723,237.05159
146,2,car,0,107.54439,50.372604,11.009232,15.199783
146,2,car,0,105.806,35.62683,10.483551,12.109482
146,6,train,0,89.077515,123.59189,177.07849,232.27563
146,6,train,0,64.978424,150.15887,129.86859,178.90912
146,0,person,0,295.35507,180.28046,48.704407,118.15063
146,2,car,0,106.714615,21.2751,9.152695,9.941467
146,6,train,0,136.23212,121.73848,82.99029,234.61679
147,2,car,1,85.62305,143.42508,28.88388,43.940674
148,2,car,1,83.984,147.9303,29.763596,45.44165
148,2,car,2,76.815094,37.844963,11.211334,14.430618
148,2,car,3,121.80754,23.058079,7.8331146,6.3588257
149,2,car,1,122.2841,23.063486,7.6345825,6.74094
150,2,car,1,122.516235,22.896755,7.9515686,7.45208
150,2,car,2,80.79079,156.79654,31.44461,49.056305
151,2,car,1,122.70345,23.360992,8.422714,7.5923615
151,2,car,2,76.81824,37.935337,11.204559,14.347801
152,2,car,1,122.835205,24.189466,8.895081,7.501301
152,2,car,2,107.34276,57.066277,11.062347,14.867447
152,2,car,3,76.82277,37.96289,11.2595825,14.281082
153,2,car,1,75.11925,172.19708,35.173798,55.365356
153,2,car,2,123.15607,24.763405,8.671204,7.2721176
153,2,car,3,76.82261,37.933765,11.230667,14.264664
154,2,car,1,123.79161,25.16558,7.824524,7.8338127
154,2,car,2,76.84205,37.92062,11.160614,14.261589
155,2,car,1,70.9505,183.767,38.07715,61.81311
155,2,car,2,106.35486,41.600643,10.850311,12.690079
155,2,car,3,123.97421,24.997164,8.146698,8.530483
155,2,car,4,76.82974,37.933384,11.212952,14.212288
156,2,car,1,124.10561,25.91195,8.205063,7.856964
156,2,car,2,76.82358,37.937744,11.253326,14.216217
156,2,car,3,106.185486,42.01953,10.782074,13.3954315
157,2,car,1,65.23419,197.57483,41.130463,67.04797
157,2,car,2,124.35605,26.3587,8.015381,7.5342026
157,2,car,3,76.80873,37.96846,11.211578,14.161484
158,2,car,1,106.02771,43.565178,10.898285,12.930222
158,2,car,2,76.32532,37.964767,12.302826,14.086334
159,2,car,1,124.74929,27.176838,8.434769,7.2650223
159,2,car,2,105.94315,44.277306,10.770309,12.652039
159,2,car,3,76.327484,37.979073,12.338486,14.091782
160,2,car,1,106.04237,45.286663,10.850159,12.762054
160,2,car,2,76.61006,37.958244,11.662018,14.11705
161,2,car,1,105.97983,46.32068,11.200623,14.213516
161,2,car,2,76.58717,37.991417,11.626465,14.089394
162,2,car,1,106.11017,47.037125,10.923187,14.320404
162,2,car,2,76.57623,38.00233,11.553406,14.041054
163,2,car,1,105.92691,47.497948,11.341797,14.204315
163,2,car,2,76.54254,38.044647,11.456177,13.984985
164,2,car,1,105.871796,48.65065,11.394806,14.014877
164,2,car,2,76.505035,38.020363,11.499954,13.969955
165,2,car,1,105.97443,49.52575,11.408417,14.868866
165,2,car,2,76.52664,38.02704,11.407166,14.003342
166,2,car,0,76.52655,38.00216,11.33316,14.048357
166,2,car,0,106.02124,50.24887,11.529526,15.028687
166,2,car,0,107.92943,30.679491,9.436218,10.81979
166,2,car,0,126.7775,30.13313,9.049011,8.975174
166,2,car,0,105.16817,73.10591,13.870514,20.695953
166,2,car,0,105.296585,17.158234,7.810211,8.638953
166,2,car,0,118.176186,18.467796,8.049789,6.7316246
166,0,person,0,295.40686,179.85837,48.601807,119.07403
166,2,car,0,94.31818,23.522343,9.171936,10.661003
167,2,car,1,105.965164,51.192642,11.384705,14.777542
168,2,car,1,127.09555,30.14456,9.009369,10.088337
168,2,car,2,105.81508,52.20256,11.518494,14.883194
168,2,car,3,104.65485,77.9973,14.110245,17.153427
168,2,car,4,76.82298,38.002224,11.196625,14.065903
169,2,car,1,76.80936,38.0427,11.20166,14.035187
169,2,car,2,127.27938,30.520334,9.076187,10.471142
169,2,car,3,105.81997,53.179047,11.866653,15.038132
170,2,car,1,127.64839,31.619127,9.006012,9.454197
170,2,car,2,104.38442,81.83992,14.698715,16.508438
170,2,car,3,76.8029,38.060783,11.229736,14.010521
171,2,car,1,76.837524,38.044136,11.126434,14.054337
171,2,car,2,103.74254,81.14993,15.019562,21.51117
171,2,car,3,127.86605,32.671524,9.23436,9.1827545
172,2,car,1,76.81851,38.032524,11.138306,14.097145
172,2,car,2,127.99014,32.18048,9.417572,10.846123
172,2,car,3,108.26572,33.267838,9.488419,12.105637
172,2,car,4,103.46158,82.64203,15.072357,22.52475
173,2,car,1,76.80856,38.012417,11.149811,14.087456
174,2,car,1,76.8228,37.976665,11.124756,14.133781
174,2,car,2,128.92041,33.805645,9.348938,9.724701
174,2,car,3,102.68753,86.38982,15.484558,22.79715
175,2,car,1,76.80279,37.956146,11.172134,14.035896
176,2,car,1,129.27924,33.928635,9.233154,11.190773
176,2,car,2,76.45225,37.89869,11.514023,14.0063095
177,2,car,1,129.40308,34.299217,9.190521,11.975227
177,2,car,2,76.44763,37.837517,11.6577,14.066429
178,2,car,1,104.73716,62.41583,13.809586,17.452492
178,2,car,2,76.30902,37.774944,11.878479,14.185463
179,2,car,1,104.57213,63.165367,13.495239,18.219055
179,2,car,2,120.902405,22.630325,8.076477,7.009758
179,2,car,3,76.15398,37.782803,12.097931,14.122856
180,2,car,1,76.260895,37.898273,11.985291,13.988441
180,2,car,2,120.95334,22.76691,8.210068,7.280033
181,2,car,1,76.3839,38.076748,11.542053,13.7219925
182,2,car,1,121.24963,23.33609,8.543457,8.199936
182,2,car,2,76.456085,38.22015,11.315369,13.667946
183,2,car,1,76.83009,38.084232,11.126694,13.714767
184,2,car,1,121.78267,23.690718,8.389374,8.516865
184,2,car,2,76.8522,38.09244,11.191986,13.620247
185,2,car,1,76.88468,38.094368,11.252411,13.68145
186,2,car,1,122.47792,24.733494,8.393585,8.960186
186,2,car,2,108.78844,41.86866,11.350311,13.647079
186,2,car,3,76.87764,38.092808,11.362671,13.725113
187,2,car,1,76.857346,38.0819,11.337158,13.666786
188,2,car,1,76.57619,38.26201,11.671082,13.382874
189,2,car,0,76.6846,38.238113,11.728485,13.478394
189,2,car,0,89.051346,128.74922,20.78659,26.083618
189,2,car,0,102.63405,78.23055,15.240784,19.049103
189,2,car,0,133.04367,41.347916,10.673347,13.912598
189,2,car,0,108.84171,44.065907,11.068207,14.058823
189,2,car,0,107.604004,26.51824,9.53949,10.549679
189,2,car,0,122.970505,25.664345,8.800537,9.087242
189,6,train,0,148.94395,126.63626,64.35361,226.00867
189,2,car,0,133.68996,44.372467,10.92041,7.630539
189,2,car,0,94.15111,115.85077,19.712265,17.64914
189,0,person,0,295.31555,179.16722,48.787476,120.48288
189,2,car,0,93.07695,31.229448,11.245178,13.976559
190,2,car,1,88.11379,132.44379,20.934082,25.287476
190,2,car,2,102.20743,79.25946,15.466507,20.231903
190,2,car,3,76.911255,38.108192,11.5877075,13.687958
191,2,car,1,123.52265,26.414703,9.362717,9.12291
191,2,car,2,86.569855,137.05559,20.937363,25.306519
191,2,car,3,76.8887,38.164604,11.5442505,13.639595
192,2,car,1,123.61473,26.761278,9.186035,9.76886
192,2,car,2,76.915504,38.16743,11.475113,13.665016
193,2,car,1,123.68823,26.926243,9.631378,9.956009
193,2,car,2,76.89775,38.158745,11.4982605,13.615318
194,2,car,1,123.88422,27.166296,9.365356,10.217869
194,2,car,2,76.8811,38.149742,11.602417,13.672379
195,2,car,0,76.749985,38.144222,11.76181,13.34745
195,2,car,0,100.63371,86.71959,16.266663,25.278122
195,2,car,0,108.506485,48.619026,13.182892,16.401558
195,2,car,0,124.10414,27.387075,9.477081,11.102688
195,2,car,0,135.77737,46.191776,10.9158325,12.203308
195,2,car,0,85.92847,136.5462,23.444122,20.524933
195,2,car,0,107.7919,29.647655,9.048737,10.046669
195,2,car,0,113.640045,9.212669,6.0225525,4.9443965
195,2,car,0,79.778824,156.94955,23.171997,24.735168
195,6,train,0,147.97241,131.01195,69.18348,216.91757
195,0,person,0,295.35858,179.21059,48.69507,120.3873
195,0,person,0,18.199062,159.47995,5.343857,13.199585
195,6,train,0,179.6502,122.71841,255.15613,234.43886
196,2,car,1,108.32829,49.30906,12.780731,16.650787
196,2,car,2,108.09526,30.299772,8.746124,10.983288
197,2,car,1,108.191696,30.92812,9.0448,10.462692
198,2,car,1,108.21588,31.195961,9.02063,11.332306
198,2,car,2,125.511604,29.722406,9.294388,9.430317
199,2,car,1,108.08984,31.591137,9.473801,11.435402
200,2,car,1,108.0277,32.030838,9.228958,11.388367
200,2,car,2,125.983765,30.218166,9.183441,10.374916
200,2,car,3,136.95876,48.80432,12.194,12.798218
201,2,car,1,108.30867,32.656944,9.393036,11.2836
201,2,car,2,70.10782,179.14243,37.195953,56.81891
202,2,car,1,108.35866,32.979305,9.111053,11.489342
203,2,car,1,138.14383,50.393764,12.277161,15.473022
204,2,car,1,138.37363,51.155685,12.428467,15.51503
204,2,car,2,126.71758,31.998112,9.858292,11.022499
205,2,car,1,139.24704,52.265755,11.984863,15.513084
205,2,car,2,126.98565,32.625484,9.76091,10.189972
206,2,car,1,139.58418,52.731674,12.137238,15.602066
206,2,car,2,108.04198,59.46409,11.966248,17.727814
207,2,car,1,139.81638,53.655518,12.258972,15.700104
207,2,car,2,92.90903,115.45892,22.015564,34.198853
207,2,car,3,127.60115,33.323463,9.677887,10.433525
208,2,car,1,92.10405,118.66113,23.244247,34.266815
208,2,car,2,140.07156,53.943596,11.883087,16.413864
208,2,car,3,128.1171,33.936596,9.186035,10.08876
209,2,car,1,128.32654,34.445107,9.189453,10.246429
209,2,car,2,140.2792,54.942467,12.567871,16.49884
209,2,car,3,91.258766,121.74071,23.694153,35.29904
210,2,car,1,140.50923,55.75111,12.830048,17.089287
210,2,car,2,128.6213,34.663063,9.517731,10.426689
211,2,car,1,128.72334,35.26046,9.689819,11.267532
211,2,car,2,140.92136,56.45932,12.926086,17.347534
211,2,car,3,89.241325,128.92114,26.521866,37.754517
212,2,car,1,141.16595,57.243233,13.213013,17.101059
212,2,car,2,87.669,132.16913,26.505203,38.468018
212,2,car,3,129.47116,35.74507,10.25882,11.262718
213,2,car,1,107.942055,66.92612,13.003586,19.9552
214,2,car,0,130.33994,36.70892,10.7838745,11.322548
214,2,car,0,76.84708,38.088097,11.299805,13.832655
214,2,car,0,109.36415,41.227848,9.798721,14.14357
214,2,car,0,85.289665,139.57684,28.522888,41.68029
214,2,car,0,107.40733,68.50483,13.591156,19.024307
214,2,car,0,105.63545,16.785557,7.2942505,9.404189
214,2,car,0,141.91068,58.51385,13.358246,19.49276
214,2,car,0,116.75978,13.540231,5.956085,5.2800007
214,0,person,0,295.3868,179.17456,48.635864,120.46396
215,2,car,1,130.43448,37.47307,10.583069,10.943512
215,2,car,2,109.48419,41.98859,10.187012,14.017807
216,2,car,1,130.92734,38.152332,10.135376,11.099396
217,2,car,1,131.13463,38.39533,10.262451,11.316765
218,2,car,1,131.36877,39.038177,10.303253,11.774994
219,2,car,0,131.68471,39.21452,10.706879,12.468422
219,2,car,0,106.23729,77.659195,14.214539,16.469116
219,2,car,0,76.66026,163.09982,34.68552,50.207916
219,2,car,0,76.87509,38.218895,11.323578,13.9434185
219,2,car,0,109.75735,45.124344,11.016983,14.544617
219,2,car,0,117.32298,15.01722,6.706604,5.7595253
219,2,car,0,106.16577,18.091377,7.463043,9.386834
219,0,person,0,18.193913,159.5684,5.315731,13.022644
219,2,car,0,94.094864,24.346966,7.560974,7.6882553
219,6,train,0,150.86963,125.98133,64.56225,226.25078
219,0,person,0,295.3988,179.59804,48.610962,119.61618
219,2,car,0,72.482285,175.32295,26.392735,25.746674
220,2,car,1,105.92554,78.50492,14.309113,18.421005
221,2,car,1,117.441605,15.766095,6.866211,6.222723
222,2,car,1,117.625015,15.971263,6.9180756,6.077303
223,2,car,1,117.91626,16.351673,7.2422485,6.173218
223,2,car,2,133.15353,41.79902,10.52771,12.111359
224,2,car,1,64.29697,192.98337,41.859894,64.71704
225,2,car,1,61.520657,200.76747,43.762215,67.94141
226,2,car,0,103.6041,89.89925,15.639587,18.117249
226,2,car,0,77.05682,38.20682,11.541229,13.948883
226,2,car,0,118.10994,16.711393,7.3597107,7.342079
226,2,car,0,134.21375,44.107876,10.798767,11.314842
226,2,car,0,90.90433,51.143875,14.162628,21.467041
226,2,car,0,58.29484,206.11153,45.71926,66.8978
226,2,car,0,109.90409,52.242413,11.371368,15.320824
226,2,car,0,146.8937,70.20416,13.928406,21.154362
226,0,person,0,18.1842,159.61853,5.286683,12.983765
226,0,person,0,295.4107,179.92462,48.58252,118.95154
226,2,car,0,106.76001,20.1912,8.007751,9.776765
226,5,bus,0,91.027374,51.089783,13.721008,21.082352
227,2,car,0,134.23262,43.53247,11.931946,13.343369
227,2,car,0,76.98042,38.236206,11.514801,13.8283615
227,2,car,0,118.180664,17.192505,7.034561,7.258049
227,2,car,0,146.74402,70.9662,14.447693,21.78217
227,2,car,0,103.10955,91.64368,16.73146,19.704666
227,2,car,0,110.09093,53.093895,11.4348755,16.023499
227,2,car,0,56.271713,209.39714,45.616272,61.20572
227,2,car,0,90.92382,51.787697,14.259644,21.639633
227,12,parking meter,0,55.541367,209.15778,46.817017,61.54785
227,0,person,0,18.184689,159.59552,5.363785,12.99942
227,5,bus,0,91.002625,51.71994,13.903656,21.438614
227,0,person,0,295.41016,179.88461,48.585938,119.01887
228,2,car,0,90.68413,52.396736,14.444122,21.221832
228,2,car,0,76.96112,38.14334,11.401199,13.96776
228,2,car,0,103.12016,89.75368,17.066895,27.948395
228,2,car,0,134.5625,43.89424,10.99176,14.149887
228,2,car,0,52.79026,212.53778,46.23642,54.38385
228,2,car,0,109.69788,53.414352,12.400848,16.794342
228,2,car,0,118.30255,17.740429,7.025696,6.7650366
228,6,train,0,94.971,122.37822,181.24971,234.3624
228,0,person,0,295.42056,179.87213,48.56122,119.047554
228,0,person,0,18.188017,159.59607,5.351017,13.017822
228,6,train,0,69.20781,147.60933,138.41562,183.54257
228,5,bus,0,103.06958,89.80318,17.22107,27.509583
228,2,car,0,146.9678,71.971985,14.238373,21.333786
229,2,car,0,135.30608,44.74804,10.900513,13.770264
229,2,car,0,77.00252,38.15087,11.414215,14.032433
229,2,car,0,90.59142,53.779503,14.505096,21.49089
229,2,car,0,147.38625,72.80162,14.299103,23.00064
229,2,car,0,118.68469,18.564222,7.3971252,6.104782
229,6,train,0,69.23783,141.34337,138.11076,196.44162
229,2,car,0,102.548004,92.874245,17.241913,25.713211
229,2,car,0,109.74784,54.769585,12.453613,15.635422
229,6,train,0,93.85584,119.93002,180.02531,239.86005
229,2,car,0,106.83248,20.931595,8.213287,10.838265
229,0,person,0,295.4323,179.87991,48.537354,119.03827
229,5,bus,0,90.53511,53.692963,14.421158,21.885406
230,2,car,0,77.13222,38.155613,11.575226,14.134125
230,2,car,0,135.51506,45.329247,10.583099,13.304749
230,2,car,0,90.40973,54.31902,14.698395,22.061455
230,6,train,0,69.36401,138.04767,138.37903,203.61725
230,2,car,0,101.93446,95.179,17.383362,23.928009
230,2,car,0,109.605064,55.52865,12.783234,16.350906
230,2,car,0,147.72025,73.85794,14.060303,23.233948
230,0,person,0,295.46765,179.87529,48.46631,119.03476
230,2,car,0,107.18304,22.436735,7.585022,9.361538
231,2,car,1,136.0111,46.122902,10.726379,13.791382
231,2,car,2,90.39499,55.104065,14.822754,22.000275
232,2,car,1,77.07231,38.236717,11.582733,14.0815735
232,2,car,2,90.32024,55.831127,15.2578125,22.605446
233,2,car,1,89.78322,56.664337,15.886047,22.550446
234,2,car,1,136.98444,47.17596,12.3063965,14.606789
235,2,car,0,76.986404,38.333282,11.614639,13.9058
235,2,car,0,98.8544,107.41402,19.293274,27.35733
235,2,car,0,137.5565,48.09288,12.184479,14.641647
235,2,car,0,109.39099,62.182148,13.352737,16.366142
235,2,car,0,120.49809,20.0657,7.63443,6.805992
235,6,train,0,149.00461,78.75309,14.599976,25.71614
235,5,bus,0,89.36568,58.338364,15.656891,22.955658
235,6,train,0,149.32274,141.96024,65.05377,193.84784
235,2,car,0,89.488884,58.311256,15.8050995,22.95015
235,0,person,0,295.53293,180.24124,48.337708,118.2918
236,2,car,0,137.5206,48.35657,11.959503,15.058891
236,2,car,0,77.039185,38.297157,11.5972595,13.957109
236,2,car,0,89.17463,59.126846,16.042404,23.861313
236,2,car,0,120.490036,20.203754,7.855072,7.126343
236,2,car,0,109.40348,62.79854,13.414825,17.675354
236,6,train,0,149.28915,78.83294,15.827606,27.940643
236,5,bus,0,98.28589,109.667175,19.049133,29.569824
236,6,train,0,149.00201,137.06995,66.29394,204.89893
236,0,person,0,18.148228,159.60297,5.358817,12.954681
236,2,car,0,98.05647,110.216324,19.101044,27.830765
236,0,person,0,295.50806,180.26703,48.384705,118.24238
237,2,car,0,77.04146,38.296284,11.677887,13.903259
237,2,car,0,137.96846,49.143898,11.512878,14.911499
237,2,car,0,96.51277,118.82825,20.807861,17.738678
237,2,car,0,120.722946,20.597397,7.5937653,6.7668076
237,2,car,0,89.106895,60.007286,16.106369,24.089142
237,2,car,0,109.34367,64.12247,13.169373,17.962215
237,6,train,0,148.3205,141.94589,65.45343,195.57867
237,6,train,0,149.72006,80.425865,15.747131,26.987518
237,0,person,0,295.51703,180.21747,48.367188,118.313354
237,0,person,0,18.142056,159.60742,5.3555,12.945923
238,2,car,0,77.0459,38.289024,11.6596985,13.909559
238,2,car,0,138.27856,49.949688,11.5997925,14.990128
238,2,car,0,109.11391,65.21308,13.371735,18.39296
238,2,car,0,88.63098,60.620712,16.352722,23.762146
238,2,car,0,120.904175,21.384388,7.480774,6.4934006
238,6,train,0,149.96178,81.58566,15.977692,27.196838
238,6,train,0,147.26813,146.74825,68.17984,185.9993
238,2,car,0,96.06335,115.643005,21.148056,30.60022
238,0,person,0,295.49628,180.20679,48.408203,118.342766
238,7,truck,0,96.635635,114.90191,22.046661,31.478653
238,2,car,0,107.858,24.919044,8.422699,10.648338
239,2,car,0,77.04779,38.270874,11.736572,13.944313
239,2,car,0,138.863,50.413742,11.791229,15.223145
239,2,car,0,121.04898,21.327448,7.78244,7.3026123
239,6,train,0,150.1246,83.1472,15.355103,26.43776
239,2,car,0,109.19635,67.98639,13.433624,15.71011
239,2,car,0,88.47449,61.80179,16.08075,23.911469
239,6,train,0,149.38756,150.06436,62.72702,179.51239
239,5,bus,0,88.5372,61.855377,15.956619,24.069305
239,0,person,0,18.156374,159.61337,5.282238,12.923157
239,0,person,0,295.4903,180.18161,48.42163,118.39505
240,2,car,1,139.15416,51.007397,12.008636,15.66037
240,2,car,2,77.06163,38.201935,11.744019,13.993698
241,2,car,1,77.01993,38.199947,11.752853,14.185989
242,2,car,1,77.06268,38.19367,11.827942,14.174278
243,5,bus,1,86.80869,65.6608,17.152313,26.081772
244,2,car,1,77.11612,38.191895,11.835571,14.128708
245,2,car,0,77.0745,38.110607,11.889069,14.096947
245,5,bus,0,86.49553,68.03015,18.299744,26.841797
245,6,train,0,151.32298,88.461716,17.404907,32.20221
245,2,car,0,107.83839,74.4964,14.014603,21.958622
245,2,car,0,141.02896,54.428535,12.778534,15.505714
245,2,car,0,107.89475,79.173065,14.031189,12.7890625
245,7,truck,0,89.25899,136.45093,25.57965,43.315247
245,6,train,0,185.12169,120.099594,250.24802,237.38501
245,0,person,0,295.5384,180.20029,48.334473,118.342316
245,2,car,0,103.62779,9.4722595,6.1340485,6.3895574
245,6,train,0,143.5975,122.24919,55.798653,234.44693
246,2,car,0,77.07125,38.145847,11.814896,14.169983
246,6,train,0,151.39597,89.44322,17.309204,32.593872
246,2,car,0,107.78813,80.184326,14.392151,14.696854
246,2,car,0,141.3959,54.82563,13.529846,17.107712
246,5,bus,0,85.75412,68.90466,19.284729,27.201218
246,2,car,0,87.501205,144.25572,24.062561,35.691162
246,7,truck,0,89.27128,137.58028,27.512527,48.503876
246,0,person,0,295.5258,180.18652,48.3631,118.345955
247,2,car,1,77.008286,38.171146,11.772186,14.185158
248,2,car,0,76.84906,38.027817,12.481628,13.752684
248,6,train,0,152.1323,91.840225,18.029419,35.111847
248,2,car,0,107.48865,81.54479,15.225922,19.428146
248,5,bus,0,84.181595,71.02126,20.784485,28.08049
248,2,car,0,93.53038,35.331932,9.208099,10.914352
248,2,car,0,141.71054,56.34236,13.156189,16.677551
248,2,car,0,123.43596,24.556866,8.212555,7.9451447
248,2,car,0,103.78943,10.327856,6.4208374,6.1494713
248,0,person,0,18.153145,159.59366,5.334214,13.015564
248,0,person,0,295.5471,180.00397,48.3136,118.75146
248,6,train,0,145.69016,145.41212,70.631836,188.70499
249,5,bus,1,84.40934,72.29253,19.753952,28.661255
250,2,car,1,142.99176,57.899586,13.900879,17.818672
250,2,car,2,76.51262,38.26023,12.453339,13.968918
251,2,car,1,76.69273,38.198196,12.583893,13.782394
252,2,car,1,76.83879,38.2799,11.7300415,13.934006
252,2,car,2,124.28681,26.959396,8.421066,6.931961
253,2,car,1,124.35994,26.9989,8.462463,7.3035774
253,2,car,2,105.625206,95.38487,16.553543,14.698364
253,2,car,3,144.04517,60.18722,13.944641,17.985527
254,2,car,1,124.55504,27.226221,8.737976,7.4752464
254,2,car,2,93.66631,38.502655,9.036026,10.505402
254,2,car,3,76.70427,38.185234,12.58136,13.93959
255,2,car,1,124.57463,27.450188,8.983551,8.500893
255,2,car,2,93.60568,38.77426,9.105881,10.557144
255,2,car,3,76.68962,38.364502,12.307617,13.673416
256,2,car,1,124.88271,27.760593,8.669907,8.188049
256,2,car,2,76.799866,38.29474,11.721558,13.873619
257,2,car,1,125.06442,27.673874,8.399506,9.123901
258,2,car,0,76.73198,38.281303,11.638489,13.8782215
258,2,car,0,125.77214,28.88163,8.351654,7.8434906
258,2,car,0,107.64569,24.634962,8.248962,9.332905
258,2,car,0,93.45053,40.510292,9.524841,10.801239
258,2,car,0,103.42266,107.02943,17.28923,16.611557
258,2,car,0,104.04228,12.575632,6.6543427,7.258194
258,5,bus,0,155.12933,107.39006,18.765594,35.766983
258,2,car,0,93.54682,24.959148,8.942093,9.255745
258,2,car,0,109.13242,35.134327,8.046448,11.233635
258,5,bus,0,79.262146,83.58719,21.31073,33.25078
258,2,car,0,103.56735,101.826744,17.896606,27.294662
258,2,car,0,155.08273,107.28471,18.60675,35.549744
258,25,umbrella,0,310.8144,31.145004,18.062866,10.997452
259,2,car,1,125.66356,28.491905,8.186493,9.177567
259,2,car,2,93.326294,41.212715,9.780182,10.341873
259,2,car,3,76.600136,38.21222,12.225998,13.658485
260,2,car,0,76.73745,38.24466,11.364471,13.898207
260,2,car,0,125.868805,28.923779,8.3784485,9.666222
260,2,car,0,93.16371,41.470825,9.965332,11.0690155
260,2,car,0,107.67966,25.34206,8.515289,9.298248
260,5,bus,0,77.75397,86.682465,22.609894,34.07556
260,2,car,0,93.64816,25.423058,8.629242,9.146339
260,6,train,0,59.59799,210.38086,45.943733,58.989258
260,2,car,0,104.12558,12.80598,6.542877,7.989279
260,2,car,0,109.00168,35.99144,8.285522,11.604185
260,2,car,0,102.65463,104.67931,18.58319,31.524368
260,6,train,0,155.46468,110.1656,19.071136,35.536224
260,25,umbrella,0,310.8034,31.114368,18.082825,10.93055
260,5,bus,0,155.47595,110.18025,19.050964,35.28018
261,2,car,1,107.702835,25.672161,8.517487,9.27877
261,2,car,2,76.710785,38.255707,11.298706,13.82843
262,2,car,0,104.30876,13.290835,7.017395,7.825964
262,2,car,0,76.71228,38.244682,11.347656,13.848967
262,2,car,0,93.15321,42.56035,9.883072,12.629181
262,2,car,0,126.77823,30.784521,8.778931,7.6854744
262,2,car,0,107.68945,26.40494,8.250977,9.921391
262,2,car,0,93.69731,26.190392,8.931335,9.430199
262,2,car,0,100.73205,110.870255,20.111404,33.682495
262,2,car,0,109.625015,38.250908,8.019302,9.962357
262,7,truck,0,76.04757,90.24783,26.138962,35.62799
262,5,bus,0,55.15158,217.43112,44.979034,45.117798
262,5,bus,0,155.8656,113.56479,19.361511,37.44345
262,25,umbrella,0,310.80444,31.113218,18.080383,10.92889
262,6,train,0,55.843678,217.03586,45.160957,45.70575
262,0,person,0,295.68317,179.52061,48.071045,119.77792
263,2,car,1,104.355545,13.448879,7.107666,7.78936
263,2,car,2,127.091675,30.915161,9.096527,8.542419
263,2,car,3,76.71512,38.24567,11.303116,13.901146
264,2,car,1,104.339714,13.881056,7.2118225,8.049507
264,2,car,2,127.06523,31.057356,9.271332,9.138622
265,2,car,1,107.97504,27.233126,8.388977,10.289394
265,2,car,2,127.37703,31.412094,9.331451,9.239899
265,2,car,3,104.225204,14.215234,7.420532,7.8759136
266,5,bus,1,73.45754,96.96268,26.241516,38.323517
266,2,car,2,104.20488,14.3161335,7.4955597,7.8551445
266,2,car,3,107.86409,27.528053,8.577057,10.770905
266,2,car,4,127.4588,32.561825,9.052643,8.7000885
267,5,bus,1,72.69061,98.81424,27.55194,39.40851
268,2,car,1,148.36375,71.19552,14.270325,20.547348
269,2,car,1,104.34438,14.794988,7.2152863,8.159914
269,2,car,2,107.91311,28.912321,8.761002,10.27367
270,2,car,0,104.323326,15.143801,7.245117,8.465691
270,2,car,0,91.97012,47.353073,11.408966,13.480728
270,2,car,0,76.78856,38.237453,11.422272,14.012344
270,2,car,0,128.6479,34.212635,9.2276,9.263237
270,2,car,0,93.557556,28.493916,10.067047,10.962624
270,2,car,0,107.91162,29.378983,8.542328,10.620514
270,2,car,0,92.87039,138.07953,27.396942,45.66916
270,2,car,0,148.7633,72.49112,14.4964905,21.866577
270,7,truck,0,68.907394,104.69026,29.742062,41.414032
270,2,car,0,116.693985,13.363164,6.094879,8.091539
270,5,bus,0,157.81317,127.809525,22.13031,43.87857
270,2,car,0,110.14984,42.087944,7.7105713,12.5354
270,2,car,0,157.77463,127.83028,21.99237,44.229614
270,25,umbrella,0,310.80786,31.128136,18.072388,10.95433
270,0,person,0,295.66016,179.5965,48.113525,119.608696
271,2,car,1,91.96919,47.449852,11.726349,14.789078
271,2,car,2,104.37504,15.472324,7.2886505,8.238724
272,2,car,1,91.91519,48.633186,11.898895,14.4592285
273,2,car,1,108.21744,30.813137,9.282349,10.516632
273,2,car,2,91.87755,49.752815,11.736267,14.014862
273,2,car,3,129.6069,35.06338,9.674713,10.408173
273,2,car,4,86.77501,152.07198,36.998108,51.68277
273,2,car,5,104.426544,16.083626,7.2960663,8.281105
273,2,car,6,76.878525,38.237907,11.44046,13.8424225
274,5,bus,1,65.282265,113.936554,31.646835,44.59961
274,2,car,2,86.10863,157.36493,35.452667,52.73224
274,2,car,3,108.146255,31.201405,9.264313,10.913841
274,2,car,4,104.472176,16.187294,7.483429,7.9513283
274,2,car,5,129.86304,35.794548,9.555908,10.347366
274,2,car,6,76.8553,38.276295,11.57312,13.822968
275,2,car,1,130.30502,36.561993,10.388855,10.504829
275,2,car,2,108.12341,31.875137,9.241669,10.7714615
275,5,bus,3,64.1069,116.10294,32.632446,45.94005
275,2,car,4,104.662094,16.586107,7.548645,8.468079
275,2,car,5,158.60661,137.50264,22.760376,46.32669
275,2,car,6,76.87207,38.294518,11.444061,13.769318
275,2,car,7,117.50403,14.791833,6.738434,8.093668
275,2,car,8,91.74373,50.88153,11.797638,14.385498
276,2,car,1,83.98616,168.19695,35.88031,56.393646
276,2,car,2,104.677025,16.866724,7.7734985,8.287643
276,2,car,3,158.68747,139.89641,22.6969,47.5
276,2,car,4,130.84984,37.23139,10.171082,10.217651
276,2,car,5,108.042404,32.147213,9.006012,10.9772415
276,2,car,6,76.83251,38.26202,11.471954,13.828423
277,2,car,1,130.94766,37.20163,10.337036,10.465332
277,2,car,2,104.63986,16.961224,7.7909546,8.403618
277,2,car,3,81.763504,173.52835,37.888092,60.651794
277,2,car,4,108.18089,32.44562,8.910767,10.796974
277,2,car,5,76.78825,38.249527,11.298767,13.699043
278,2,car,1,131.22557,37.682293,9.7152405,10.473465
278,2,car,2,104.662704,17.113125,7.699585,8.880264
278,2,car,3,158.87292,144.21689,22.692749,49.765503
278,2,car,4,79.523865,179.58638,38.41751,64.66974
279,2,car,1,76.85136,186.8222,40.575134,66.95093
279,2,car,2,131.5407,38.33374,9.72113,10.366577
279,2,car,3,104.55205,17.620235,7.7876587,8.458641
280,2,car,1,74.31494,194.04485,42.28424,70.46692
280,2,car,2,104.57893,17.729557,7.841522,8.531143
280,2,car,3,131.83167,38.546036,9.720337,10.645752
280,7,truck,4,56.650795,129.41504,36.534607,52.46158
281,2,car,1,71.28541,202.20349,43.970596,74.12842
281,2,car,2,104.63568,17.932228,7.8063507,8.586815
281,2,car,3,131.7404,39.103737,10.182678,11.672684
282,2,car,1,104.62634,18.172228,7.655884,8.875755
282,2,car,2,131.90521,39.483948,10.436432,11.73056
282,5,bus,3,52.67522,135.42,40.713264,55.231476
283,2,car,1,104.78725,18.277887,7.9767456,8.851215
283,5,bus,2,51.48422,138.69781,40.348442,57.543457
283,2,car,3,132.1402,39.882965,10.45752,12.050903
283,2,car,4,90.71428,56.25305,11.745544,15.680283
284,5,bus,1,50.37798,141.64182,40.48461,59.57785
284,2,car,2,104.96094,18.794065,8.088104,8.70245
284,2,car,3,90.6427,57.63008,11.664581,15.294296
284,2,car,4,108.50482,36.508327,9.426117,11.214897
285,2,car,1,104.976166,18.913145,7.9421387,8.941753
285,2,car,2,90.50566,58.40548,12.600983,16.010956
285,5,bus,3,46.457035,145.83676,44.85018,60.303528
285,2,car,4,159.27884,163.05898,25.816467,58.330444
286,2,car,1,104.95909,19.042843,8.037872,9.381737
286,2,car,2,90.02255,59.34401,12.43338,15.264679
286,5,bus,3,45.3601,148.8922,45.294373,63.00528
286,2,car,4,159.34183,166.08276,26.027649,59.816406
286,2,car,5,108.52891,37.271812,9.618088,11.932091
287,2,car,1,105.278366,19.47817,8.428833,9.774128
287,2,car,2,89.77539,60.120094,12.71582,15.790848
287,2,car,3,76.862656,38.230957,11.312958,13.864288
288,5,bus,1,40.269314,156.80371,48.258904,65.52646
288,2,car,2,105.2651,19.888454,8.354477,9.706413
288,2,car,3,89.70103,60.68939,12.281815,16.369957
288,2,car,4,159.41635,172.6787,26.93805,63.06488
289,5,bus,1,38.876877,160.7742,47.60182,67.20453
289,2,car,2,89.36973,61.785885,12.828613,16.30735
289,2,car,3,105.34708,20.04266,8.46788,10.088997
290,2,car,1,89.00903,62.99942,13.460449,16.638748
290,2,car,2,105.402145,20.257515,8.523529,10.262436
291,5,bus,1,32.64479,169.63321,52.93756,72.91809
291,2,car,2,88.989685,63.726067,13.397156,16.71997
291,2,car,3,108.759995,40.233322,10.78125,12.361061
291,2,car,4,105.37648,20.695229,8.269897,9.735741
291,2,car,5,120.41586,20.620363,7.6131287,7.2325745
292,5,bus,1,30.635336,174.58884,53.103886,75.40256
292,2,car,2,88.81856,64.73746,13.499115,17.059753
292,2,car,3,120.62703,21.18114,7.7389984,8.317802
292,2,car,4,108.69493,40.82261,10.305054,12.544586
292,2,car,5,105.28211,21.066538,8.183945,9.780521
292,2,car,6,93.36923,38.806595,10.029617,12.258072
293,5,bus,1,27.708567,179.85808,54.988148,77.48682
293,2,car,2,108.86715,41.88233,10.177399,12.128906
293,2,car,3,120.743744,21.533278,7.8389587,8.437664
293,2,car,4,93.1847,39.021843,10.397385,12.350128
293,2,car,5,88.6315,66.02341,13.691681,17.156738
294,5,bus,1,26.594236,184.58716,53.188473,81.65027
294,2,car,2,121.08719,21.734535,7.6592407,8.139107
294,2,car,3,109.34609,41.857407,11.464844,13.064011
294,2,car,4,93.277306,39.26198,10.272415,12.417007
294,2,car,5,88.48313,66.87808,13.239838,17.241318
295,2,car,1,121.192375,22.146202,7.5884705,7.9454346
295,5,bus,2,25.250563,190.38197,50.501125,84.279205
295,2,car,3,93.18544,39.744804,10.99234,12.716522
296,2,car,1,121.30039,22.631876,7.575775,8.083839
296,2,car,2,137.01173,47.610283,11.837921,12.4787445
296,2,car,3,76.87442,38.1793,11.138641,13.834
297,2,car,1,121.52535,22.87526,7.571945,8.246971
297,2,car,2,137.48587,48.291924,11.315582,12.739586
297,2,car,3,105.731224,22.571209,8.452393,9.8508835
297,2,car,4,76.86332,38.19306,11.622589,13.691071
297,2,car,5,92.85629,40.870834,11.256973,12.698074
298,2,car,1,121.75435,23.166971,7.7103577,8.713146
298,2,car,2,105.64676,22.862144,8.256119,10.422924
298,2,car,3,137.4798,48.771584,11.602417,12.786125
299,2,car,1,121.91223,23.373894,7.760315,8.630676
299,2,car,2,138.18492,49.40887,11.440582,12.8886795
299,2,car,3,105.67763,23.49679,8.390808,10.7656555
299,2,car,4,109.38776,45.59231,11.455627,13.328018
300,2,car,1,122.211075,23.594711,7.9546814,8.754547
300,2,car,2,138.88885,49.98456,10.58313,12.484146
300,2,car,3,105.90842,23.600986,8.765686,10.728138
300,2,car,4,76.901245,38.16915,11.726501,13.656174
300,2,car,5,93.147865,42.822037,11.0846405,13.311188
